<?xml version="1.0" encoding="UTF-8"?>
<!-- Generated by eXe - http://exelearning.net -->
<manifest identifier="eXeR_FIGUEROA65f96cbc283f2c7e7a1" xmlns="http://www.imsproject.org/xsd/imscp_rootv1p1p2" xmlns:adlcp="http://www.adlnet.org/xsd/adlcp_rootv1p2" xmlns:imsmd="http://www.imsglobal.org/xsd/imsmd_v1p2" xmlns:xsi="http://www.w3.org/2001/XMLSchema-instance" xsi:schemaLocation="http://www.imsproject.org/xsd/imscp_rootv1p1p2 imscp_rootv1p1p2.xsd http://www.imsglobal.org/xsd/imsmd_rootv1p2p1 imsmd_rootv1p2p1.xsd http://www.adlnet.org/xsd/adlcp_rootv1p2 adlcp_rootv1p2.xsd" > 
<metadata> 
 <schema>ADL SCORM</schema> 
 <schemaversion>1.2</schemaversion> 
 <adlcp:location>imslrm.xml</adlcp:location> 
</metadata> 
<organizations default="eXeR_FIGUEROA65f96cbc283f2c7e7a2">  
    <organization identifier="eXeR_FIGUEROA65f96cbc283f2c7e7a2" structure="hierarchical">
        <title>TRANSFORMACIONES GEOMETRICAS</title>
<item identifier="ITEM-eXeR_FIGUEROA65f96cbc283f2c7e7a3" isvisible="true" identifierref="RES-eXeR_FIGUEROA65f96cbc283f2c7e7a4">
    <title>TRANSFORMACIONES GEOMETRICAS</title>
<item identifier="ITEM-eXeR_FIGUEROA65f96cbc283f2c7e7b5" isvisible="true" identifierref="RES-eXeR_FIGUEROA65f96cbc283f2c7e7b6">
    <title>COMPETENCIA Y DESEMPEÑO</title>
</item>
<item identifier="ITEM-eXeR_FIGUEROA65f96cbc283f2c7e7b7" isvisible="true" identifierref="RES-eXeR_FIGUEROA65f96cbc283f2c7e7b8">
    <title>CAPACIDADES</title>
</item>
<item identifier="ITEM-eXeR_FIGUEROA65f96cbc283f2c7e7c9" isvisible="true" identifierref="RES-eXeR_FIGUEROA65f96cbc283f2c7e7ca">
    <title>MOTIVACIÓN</title>
</item>
<item identifier="ITEM-eXeR_FIGUEROA65f96cbc283f2c7e7eb" isvisible="true" identifierref="RES-eXeR_FIGUEROA65f96cbc283f2c7e7ec">
    <title>QUE ES TRASLACIÓN</title>
</item>
<item identifier="ITEM-eXeR_FIGUEROA65f96cbc283f2c7e7ed" isvisible="true" identifierref="RES-eXeR_FIGUEROA65f96cbc283f2c7e7ee">
    <title>QUE ES ROTACIÓN</title>
</item>
<item identifier="ITEM-eXeR_FIGUEROA65f96cbc283f2c7e7ff" isvisible="true" identifierref="RES-eXeR_FIGUEROA65f96cbc283f2c7e7f10">
    <title>QUE ES REFLEXIÓN</title>
</item>
<item identifier="ITEM-eXeR_FIGUEROA65f96cbc283f2c7e8011" isvisible="true" identifierref="RES-eXeR_FIGUEROA65f96cbc283f2c7e8012">
    <title>EVALUAMOS NUESTROS APRENDIZAJES</title>
<item identifier="ITEM-eXeR_FIGUEROA65f96cbc283f2c7e8113" isvisible="true" identifierref="RES-eXeR_FIGUEROA65f96cbc283f2c7e8114">
    <title>Problema 01</title>
</item>
<item identifier="ITEM-eXeR_FIGUEROA65f96cbc283f2c7e8115" isvisible="true" identifierref="RES-eXeR_FIGUEROA65f96cbc283f2c7e8116">
    <title>Problema 02</title>
</item>
<item identifier="ITEM-eXeR_FIGUEROA65f96cbc283f2c7e8217" isvisible="true" identifierref="RES-eXeR_FIGUEROA65f96cbc283f2c7e8218">
    <title>Problema 03</title>
</item>
<item identifier="ITEM-eXeR_FIGUEROA65f96cbc283f2c7e8219" isvisible="true" identifierref="RES-eXeR_FIGUEROA65f96cbc283f2c7e821a">
    <title>Problema 04</title>
</item>
</item>
<item identifier="ITEM-eXeR_FIGUEROA65f96cbc283f2c7e831b" isvisible="true" identifierref="RES-eXeR_FIGUEROA65f96cbc283f2c7e831c">
    <title>RETROALIMENTACIÓN</title>
</item>
</item>
  </organization>
</organizations>
<resources>
  <resource identifier="RES-eXeR_FIGUEROA65f96cbc283f2c7e7a4" type="webcontent" adlcp:scormtype="sco" href="index.html"> 
    <file href="index.html"/> 
    <file href="exe_html5.js"/>
    <file href="titulo_imagen.jpg"/>
    <dependency identifierref="COMMON_FILES"/>
  </resource>
  <resource identifier="RES-eXeR_FIGUEROA65f96cbc283f2c7e7b6" type="webcontent" adlcp:scormtype="sco" href="competencia_y_desempeo.html"> 
    <file href="competencia_y_desempeo.html"/> 
    <file href="exe_html5.js"/>
    <file href="evaluacion-de-desempeno-por-competencias-1200x900.jpg"/>
    <file href="desempe_C3_B1o.jpg"/>
    <dependency identifierref="COMMON_FILES"/>
  </resource>
  <resource identifier="RES-eXeR_FIGUEROA65f96cbc283f2c7e7b8" type="webcontent" adlcp:scormtype="sco" href="capacidades.html"> 
    <file href="capacidades.html"/> 
    <file href="exe_html5.js"/>
    <file href="capa.jpg"/>
    <dependency identifierref="COMMON_FILES"/>
  </resource>
  <resource identifier="RES-eXeR_FIGUEROA65f96cbc283f2c7e7ca" type="webcontent" adlcp:scormtype="sco" href="motivacin.html"> 
    <file href="motivacin.html"/> 
    <file href="exe_html5.js"/>
    <file href="rotacion.jpg"/>
    <file href="reflexion.jpg"/>
    <file href="traslacion.png"/>
    <file href="exequextbuttonko.svg"/>
    <file href="exequextbuttonok.svg"/>
    <file href="exequextcopyright.png"/>
    <file href="exequextcursor.gif"/>
    <file href="exequextfull.png"/>
    <file href="exequexthits.png"/>
    <file href="exequextlost.png"/>
    <file href="exequextmin.png"/>
    <file href="exequextnormal.png"/>
    <file href="exequextnumber.png"/>
    <file href="exequextplayaudio.svg"/>
    <file href="exequextreload.png"/>
    <file href="exequextreply.png"/>
    <file href="exequextrerrors.png"/>
    <file href="exequextscore.png"/>
    <file href="exequextsq.png"/>
    <file href="exequexttime.png"/>
    <file href="exequextwon.png"/>
    <file href="relaciona-activity.css"/>
    <file href="relaciona-activity.js"/>
    <file href="relacionaHome.png"/>
    <file href="relacionaIcon.png"/>
    <dependency identifierref="COMMON_FILES"/>
  </resource>
  <resource identifier="RES-eXeR_FIGUEROA65f96cbc283f2c7e7ec" type="webcontent" adlcp:scormtype="sco" href="que_es_traslacin.html"> 
    <file href="que_es_traslacin.html"/> 
    <file href="exe_html5.js"/>
    <file href="exequexthits.png"/>
    <file href="exequextrerrors.png"/>
    <file href="exequextsq.png"/>
    <file href="geogebra-activity.css"/>
    <file href="geogebra-activity.js"/>
    <file href="geogegra-activity-loading.gif"/>
    <dependency identifierref="COMMON_FILES"/>
  </resource>
  <resource identifier="RES-eXeR_FIGUEROA65f96cbc283f2c7e7ee" type="webcontent" adlcp:scormtype="sco" href="que_es_rotacin.html"> 
    <file href="que_es_rotacin.html"/> 
    <file href="exe_html5.js"/>
    <file href="exequexthits.png"/>
    <file href="exequextrerrors.png"/>
    <file href="exequextsq.png"/>
    <file href="geogebra-activity.css"/>
    <file href="geogebra-activity.js"/>
    <file href="geogegra-activity-loading.gif"/>
    <dependency identifierref="COMMON_FILES"/>
  </resource>
  <resource identifier="RES-eXeR_FIGUEROA65f96cbc283f2c7e7f10" type="webcontent" adlcp:scormtype="sco" href="que_es_reflexin.html"> 
    <file href="que_es_reflexin.html"/> 
    <file href="exe_html5.js"/>
    <file href="exequexthits.png"/>
    <file href="exequextrerrors.png"/>
    <file href="exequextsq.png"/>
    <file href="geogebra-activity.css"/>
    <file href="geogebra-activity.js"/>
    <file href="geogegra-activity-loading.gif"/>
    <dependency identifierref="COMMON_FILES"/>
  </resource>
  <resource identifier="RES-eXeR_FIGUEROA65f96cbc283f2c7e8012" type="webcontent" adlcp:scormtype="sco" href="evaluamos_nuestros_aprendizajes.html"> 
    <file href="evaluamos_nuestros_aprendizajes.html"/> 
    <file href="exe_html5.js"/>
    <file href="una-imagen-que-muestre-diferentes-objetos-cotidianos-transformados-geometricamente.jpg"/>
    <dependency identifierref="COMMON_FILES"/>
  </resource>
  <resource identifier="RES-eXeR_FIGUEROA65f96cbc283f2c7e8114" type="webcontent" adlcp:scormtype="sco" href="problema_01.html"> 
    <file href="problema_01.html"/> 
    <file href="exe_html5.js"/>
    <file href="exequexthits.png"/>
    <file href="exequextrerrors.png"/>
    <file href="exequextsq.png"/>
    <file href="geogebra-activity.css"/>
    <file href="geogebra-activity.js"/>
    <file href="geogegra-activity-loading.gif"/>
    <dependency identifierref="COMMON_FILES"/>
  </resource>
  <resource identifier="RES-eXeR_FIGUEROA65f96cbc283f2c7e8116" type="webcontent" adlcp:scormtype="sco" href="problema_02.html"> 
    <file href="problema_02.html"/> 
    <file href="exe_html5.js"/>
    <file href="exequexthits.png"/>
    <file href="exequextrerrors.png"/>
    <file href="exequextsq.png"/>
    <file href="geogebra-activity.css"/>
    <file href="geogebra-activity.js"/>
    <file href="geogegra-activity-loading.gif"/>
    <dependency identifierref="COMMON_FILES"/>
  </resource>
  <resource identifier="RES-eXeR_FIGUEROA65f96cbc283f2c7e8218" type="webcontent" adlcp:scormtype="sco" href="problema_03.html"> 
    <file href="problema_03.html"/> 
    <file href="exe_html5.js"/>
    <file href="exequexthits.png"/>
    <file href="exequextrerrors.png"/>
    <file href="exequextsq.png"/>
    <file href="geogebra-activity.css"/>
    <file href="geogebra-activity.js"/>
    <file href="geogegra-activity-loading.gif"/>
    <dependency identifierref="COMMON_FILES"/>
  </resource>
  <resource identifier="RES-eXeR_FIGUEROA65f96cbc283f2c7e821a" type="webcontent" adlcp:scormtype="sco" href="problema_04.html"> 
    <file href="problema_04.html"/> 
    <file href="exe_html5.js"/>
    <file href="exequexthits.png"/>
    <file href="exequextrerrors.png"/>
    <file href="exequextsq.png"/>
    <file href="geogebra-activity.css"/>
    <file href="geogebra-activity.js"/>
    <file href="geogegra-activity-loading.gif"/>
    <dependency identifierref="COMMON_FILES"/>
  </resource>
  <resource identifier="RES-eXeR_FIGUEROA65f96cbc283f2c7e831c" type="webcontent" adlcp:scormtype="sco" href="retroalimentacin.html"> 
    <file href="retroalimentacin.html"/> 
    <file href="exe_html5.js"/>
    <dependency identifierref="COMMON_FILES"/>
  </resource>
  <resource identifier="COMMON_FILES" type="webcontent" adlcp:scormtype="asset">
    <file href="config.xml"/>
    <file href="content.css"/>
    <file href="EncodeSans-Light_latin-ext.woff2"/>
    <file href="EncodeSans-Light_latin.woff2"/>
    <file href="EncodeSans-Light_vietnamese.woff2"/>
    <file href="icon_atom.png"/>
    <file href="icon_award.png"/>
    <file href="icon_beach.png"/>
    <file href="icon_bulb.png"/>
    <file href="icon_camera.png"/>
    <file href="icon_classroom.png"/>
    <file href="icon_compass.png"/>
    <file href="icon_edia.png"/>
    <file href="icon_etwinning.png"/>
    <file href="icon_exe.png"/>
    <file href="icon_footprints.png"/>
    <file href="icon_free_license.png"/>
    <file href="icon_gears.png"/>
    <file href="icon_knowledge.png"/>
    <file href="icon_list.png"/>
    <file href="icon_microphone.png"/>
    <file href="icon_network.png"/>
    <file href="icon_plus.png"/>
    <file href="icon_presentation.png"/>
    <file href="icon_puzzle.png"/>
    <file href="icon_share.png"/>
    <file href="icon_stars.png"/>
    <file href="icon_talk.png"/>
    <file href="icon_teacher_screen.png"/>
    <file href="icon_telescope.png"/>
    <file href="icon_think.png"/>
    <file href="icon_tree.png"/>
    <file href="icon_write.png"/>
    <file href="nav.css"/>
    <file href="_intef_bg.png"/>
    <file href="_intef_footer.png"/>
    <file href="_intef_header.png"/>
    <file href="_intef_icons.png"/>
    <file href="_intef_js.js"/>
    <file href="_intef_left_column.gif"/>
    <file href="_intef_licenses.gif"/>
    <file href="_intef_menu.gif"/>
    <file href="_intef_print.png"/>
    <file href="_intef_title_bg.png"/>
    <file href="base.css"/>
    <file href="popup_bg.gif"/>
    <file href="exe_powered_logo.png"/>
    <file href="SCORM_API_wrapper.js"/>
    <file href="SCOFunctions.js"/>
    <file href="common.js"/>
    <file href="common_i18n.js"/>
    <file href="exe_jquery.js"/>
    <file href="content.xsd"/>
    <file href="content.data"/>
    <file href="contentv3.xml"/>
    <file href="imslrm.xml"/>
  </resource>
</resources>
</manifest>
